<?xml version="1.0" encoding="UTF-8" standalone="no"?>
<QE>
    <Segment id="Project">
        <Setting id="SrcGeneratedPath" value="src/smc_gen"/>
    </Segment>
    <Segment id="Pin">
        <Setting id="EMLE" value="EMLE"/>
        <Setting id="PC7" value="TXD8"/>
        <Setting id="MD" value="FINED"/>
        <Setting id="PD3" value="MTIOC8D"/>
    </Segment>
    <Segment id="Device">
        <Setting id="Series" value="RX600"/>
        <Setting id="Group" value="RX65N"/>
        <Setting id="Board" value="TargetBoardRX65N (V1.12)"/>
        <Setting id="PartNo" value="R5F565NEDxFP"/>
        <Setting id="PinCount" value="100"/>
    </Segment>
    <Segment id="Clock">
        <Setting id="PCLKD" value="60000.0"/>
        <Setting id="PLLCLK" value="240000.0"/>
        <Setting id="PCLKB" value="60000.0"/>
        <Setting id="CacHocoCLK" value="16000.0"/>
        <Setting id="VCC" value="3.3"/>
        <Setting id="PCLKC" value="60000.0"/>
        <Setting id="BusCLK" value="120000.0"/>
        <Setting id="PCLKA" value="120000.0"/>
        <Setting id="ICLK" value="120000.0"/>
        <Setting id="FCLK" value="60000.0"/>
        <Setting id="SysCLKSrc" value="4.0"/>
        <Setting id="ExtCLK" value="24000.0"/>
    </Segment>
    <Segment id="Component">
        <Setting id="r_bsp" value="FIT"/>
        <Setting id="Config_MTU8" value="CG"/>
        <Setting id="Config_SCI8" value="CG"/>
        <Segment component="r_bsp7.42" id="r_bsp" source="com.renesas.smc.tools.swcomponent.fit.source">
            <Setting id="BSP_CFG_SWINT_UNIT1_ENABLE" value="0"/>
            <Setting id="BSP_CFG_SWINT_UNIT2_ENABLE" value="0"/>
            <Setting id="BSP_CFG_USER_WARM_START_POST_C_FUNCTION" value="my_sw_warmstart_postc_function"/>
            <Setting id="BSP_CFG_INTERNAL_PERIPHERAL_BUS2_3_PRIORITY" value="0"/>
            <Setting id="BSP_CFG_USER_WARM_START_PRE_C_FUNCTION" value="my_sw_warmstart_prec_function"/>
            <Setting id="BSP_CFG_PARAM_CHECKING_ENABLE" value="1"/>
            <Setting id="BSP_CFG_SERIAL_PROGRAMMER_CONECT_ENABLE" value="1"/>
            <Setting id="BSP_CFG_SCI_UART_TERMINAL_INTERRUPT_PRIORITY" value="15"/>
            <Setting id="BSP_CFG_INTERNAL_PERIPHERAL_BUS1_PRIORITY" value="0"/>
            <Setting id="BSP_CFG_USER_WARM_START_CALLBACK_PRE_INITC_ENABLED" value="0"/>
            <Setting id="BSP_CFG_USTACK_BYTES" value="0x1000"/>
            <Setting id="BSP_CFG_MEMORY_BUS2_PRIORITY" value="0"/>
            <Setting id="BSP_CFG_INTERNAL_PERIPHERAL_BUS4_5_PRIORITY" value="0"/>
            <Setting id="BSP_CFG_EXTERNAL_BUS_PRIORITY" value="0"/>
            <Setting id="BSP_CFG_IO_LIB_ENABLE" value="1"/>
            <Setting id="BSP_CFG_MEMORY_BUS1_3_PRIORITY" value="0"/>
            <Setting id="BSP_CFG_BUS_PRIORITY_INITIALIZE_ENABLE" value="0"/>
            <Setting id="BSP_CFG_ID_CODE_LONG_4" value="0xFFFFFFFF"/>
            <Setting id="BSP_CFG_ID_CODE_LONG_2" value="0xFFFFFFFF"/>
            <Setting id="BSP_CFG_EBMAPCR_2ND_PRIORITY" value="3"/>
            <Setting id="BSP_CFG_ID_CODE_LONG_3" value="0xFFFFFFFF"/>
            <Setting id="BSP_CFG_USER_CHARPUT_FUNCTION" value="my_sw_charput_function"/>
            <Setting id="BSP_CFG_TRUSTED_MODE_FUNCTION" value="0xFFFFFFFF"/>
            <Setting id="BSP_CFG_SCI_UART_TERMINAL_BITRATE" value="115200"/>
            <Setting id="BSP_CFG_SWINT_TASK_BUFFER_NUMBER" value="8"/>
            <Setting id="BSP_CFG_USER_LOCKING_HW_UNLOCK_FUNCTION" value="my_hw_unlocking_function"/>
            <Setting id="BSP_CFG_ID_CODE_LONG_1" value="0xFFFFFFFF"/>
            <Setting id="BSP_CFG_USER_STACK_ENABLE" value="1"/>
            <Setting id="BSP_CFG_SCI_UART_TERMINAL_ENABLE" value="0"/>
            <Setting id="BSP_CFG_INTERNAL_PERIPHERAL_BUS6_PRIORITY" value="0"/>
            <Setting id="BSP_CFG_USER_LOCKING_SW_UNLOCK_FUNCTION" value="my_sw_unlocking_function"/>
            <Setting id="BSP_CFG_USER_CHARPUT_ENABLED" value="1"/>
            <Setting id="BSP_CFG_SWINT_IPR_INITIAL_VALUE" value="0x1"/>
            <Setting id="BSP_CFG_RUN_IN_USER_MODE" value="0"/>
            <Setting id="BSP_CFG_USER_LOCKING_HW_LOCK_FUNCTION" value="my_hw_locking_function"/>
            <Setting id="BSP_CFG_EBMAPCR_3RD_PRIORITY" value="1"/>
            <Setting id="BSP_CFG_ROMCODE_REG_VALUE" value="0xFFFFFFFF"/>
            <Setting id="BSP_CFG_ROM_CACHE_ENABLE" value="0"/>
            <Setting id="BSP_CFG_USER_LOCKING_TYPE" value="bsp_lock_t"/>
            <Setting id="BSP_CFG_HEAP_BYTES" value="0x400"/>
            <Setting id="BSP_CFG_FIT_IPL_MAX" value="0xF"/>
            <Setting id="BSP_CFG_BOOTLOADER_PROJECT" value="0"/>
            <Setting id="BSP_CFG_EBMAPCR_4TH_PRIORITY" value="2"/>
            <Setting id="BSP_CFG_USER_LOCKING_SW_LOCK_FUNCTION" value="my_sw_locking_function"/>
            <Setting id="BSP_CFG_ISTACK_BYTES" value="0x400"/>
            <Setting id="BSP_CFG_SCI_UART_TERMINAL_CHANNEL" value="8"/>
            <Setting id="BSP_CFG_USER_LOCKING_ENABLED" value="0"/>
            <Setting id="BSP_CFG_USER_CHARGET_ENABLED" value="0"/>
            <Setting id="BSP_CFG_USER_CHARGET_FUNCTION" value="my_sw_charget_function"/>
            <Setting id="BSP_CFG_CODE_FLASH_START_BANK" value="0"/>
            <Setting id="BSP_CFG_FAW_REG_VALUE" value="0xFFFFFFFF"/>
            <Setting id="BSP_CFG_EBMAPCR_5TH_PRIORITY" value="4"/>
            <Setting id="BSP_CFG_USER_WARM_START_CALLBACK_POST_INITC_ENABLED" value="0"/>
            <Setting id="BSP_CFG_EBMAPCR_1ST_PRIORITY" value="0"/>
        </Segment>
        <Segment component="com.renesas.smc.tools.swcomponent.codegenerator.normalmode" id="Config_MTU8" source="com.renesas.smc.tools.swcomponent.codegenerator.source">
            <Setting id="CntClk" value="Div1"/>
            <Setting id="TGRCValue" value="100"/>
            <Setting id="TgrbScale" value="us"/>
            <Setting id="Tgid" value="Disable"/>
            <Setting id="Tgic" value="Disable"/>
            <Setting id="Tgib" value="Disable"/>
            <Setting id="Tgia" value="Disable"/>
            <Setting id="MultiIntTgidEnable" value="UnCheck"/>
            <Setting id="PrioV" value="Level15"/>
            <Setting id="MultiIntTgiaEnable" value="UnCheck"/>
            <Setting id="TGRAValue" value="100"/>
            <Setting id="TGRDValue" value="100"/>
            <Setting id="IOA" value="OutDis"/>
            <Setting id="Tciv" value="Enable"/>
            <Setting id="IOC" value="OutDis"/>
            <Setting id="IOB" value="OutDis"/>
            <Setting id="IOD" value="Out00"/>
            <Setting id="ClrSrc" value="Disabled"/>
            <Setting id="NoiseA" value="Disable"/>
            <Setting id="PrioD" value="Level15"/>
            <Setting id="Tgrd" value="Out"/>
            <Setting id="Tgrc" value="Out"/>
            <Setting id="Tgrb" value="Out"/>
            <Setting id="Tgra" value="Out"/>
            <Setting id="TgrcScale" value="us"/>
            <Setting id="NoiseClock" value="PCLK"/>
            <Setting id="PrioA" value="Level15"/>
            <Setting id="MultiIntTgicEnable" value="UnCheck"/>
            <Setting id="PrioB" value="Level15"/>
            <Setting id="PrioC" value="Level15"/>
            <Setting id="NoiseD" value="Disable"/>
            <Setting id="NoiseC" value="Disable"/>
            <Setting id="NoiseB" value="Disable"/>
            <Setting id="ExtNoiseB" value="Disable"/>
            <Setting id="ExtNoiseA" value="Disable"/>
            <Setting id="TgraScale" value="us"/>
            <Setting id="MultiIntTgibEnable" value="UnCheck"/>
            <Setting id="ExtNoiseClk" value="PCLK"/>
            <Setting id="TgrdScale" value="us"/>
            <Setting id="MultiIntTcivEnable" value="UnCheck"/>
            <Setting id="ClkEdg" value="Rise"/>
            <Setting id="TGRBValue" value="100"/>
        </Segment>
        <Segment component="com.renesas.smc.tools.swcomponent.codegenerator.sciasyncmode" id="Config_SCI8" source="com.renesas.smc.tools.swcomponent.codegenerator.source">
            <Setting id="TransEnd" value="Enable"/>
            <Setting id="DutyCorrection" value="Enable"/>
            <Setting id="FlowControl" value="None"/>
            <Setting id="MultiIntRXIEnable" value="UnCheck"/>
            <Setting id="StopBit" value="1Bit"/>
            <Setting id="Bitrate" value="115200"/>
            <Setting id="TransDataHandle" value="ISR"/>
            <Setting id="MultiIntTEIEnable" value="UnCheck"/>
            <Setting id="ERIPriority" value="Level15"/>
            <Setting id="TransInstant" value="Disable"/>
            <Setting id="MultiIntTXIEnable" value="UnCheck"/>
            <Setting id="TransClock" value="Internal"/>
            <Setting id="BaseClk" value="16Cyl"/>
            <Setting id="SCKPinFun" value="SckUnuse"/>
            <Setting id="TransDir" value="LSB"/>
            <Setting id="DataLength" value="8Bits"/>
            <Setting id="TXIPriority" value="Level15"/>
            <Setting id="Parity" value="None"/>
            <Setting id="MultiIntERIEnable" value="UnCheck"/>
        </Segment>
    </Segment>
</QE>
